idx,latency_ms
0,3.404807
1,3.398625
2,3.404292
3,3.400722
4,3.406849
5,3.396043
6,3.395301
7,3.394949
8,3.402625
9,3.347549
10,3.397764
11,3.398451
12,3.397847
13,3.404047
14,3.400253
15,3.401098
16,3.408906
17,3.409921
18,3.405612
19,3.400423
20,3.405571
21,3.402107
22,3.324868
23,3.402984
24,3.405680
25,3.415783
26,3.411593
27,3.405185
28,3.401500
29,3.405249
30,3.396772
31,3.404044
32,3.400191
33,3.402551
34,3.412114
35,3.338159
36,3.417491
37,3.418915
38,3.412738
39,3.411108
40,3.405150
41,3.421388
42,3.415174
43,3.417665
44,3.409587
45,3.411527
46,3.413836
47,3.419488
48,3.365235
49,3.407618
50,3.419160
51,3.414098
52,3.417888
53,3.412413
54,3.413907
55,3.411802
56,3.414130
57,3.410173
58,3.417226
59,3.411086
60,3.416410
61,3.355539
62,3.413266
63,3.408307
64,3.417357
65,3.412295
66,3.406288
67,3.416282
68,3.419658
69,3.413502
70,3.415606
71,3.404017
72,3.411624
73,3.405777
74,3.327843
75,3.422277
76,3.418803
77,3.408255
78,3.418666
79,3.410104
80,3.419533
81,3.413269
82,3.410961
83,3.418644
84,3.415356
85,3.412568
86,3.414617
87,3.336368
88,3.420315
89,3.412702
90,3.417325
91,3.415501
92,3.420993
93,3.417851
94,3.420996
95,3.419644
96,3.417497
97,3.414938
98,3.418056
99,3.417757
100,3.358789
101,3.423029
102,3.423633
103,3.421553
104,3.422772
105,3.418828
106,3.419760
107,3.414398
108,3.420910
109,3.409764
110,3.415076
111,3.416983
112,3.418886
113,3.365352
114,1.610861
115,1.614647
116,1.617076
117,1.625955
118,1.619028
119,1.623515
120,1.630135
121,1.629412
122,1.628998
123,1.633762
124,1.628337
125,1.628093
126,1.627763
127,1.631035
128,1.615547
129,1.617622
130,1.617156
131,1.620343
132,1.609305
133,1.614209
134,1.630582
135,1.620393
136,1.629118
137,1.630098
138,1.612737
139,1.625237
140,1.618937
141,1.624124
142,1.613345
143,1.624712
144,1.631660
145,1.627590
146,1.621577
147,1.628176
148,1.617565
149,1.616614
150,1.626002
151,1.625332
152,1.625152
153,1.615283
154,1.612061
155,1.611451
156,1.614718
157,1.604926
158,1.614695
159,1.620884
160,1.628626
161,1.618542
162,1.625486
163,1.626814
164,1.626886
165,1.625326
166,1.618863
167,1.622532
168,1.630460
169,1.628219
170,1.617210
171,1.624994
172,1.627296
173,1.616261
174,1.628670
175,1.645305
176,1.626333
177,1.639534
178,1.616066
179,1.622992
180,1.617235
181,1.608779
182,1.627471
183,1.622157
184,1.616597
185,1.631006
186,1.618762
187,1.624683
188,1.635906
189,1.619161
190,1.614840
191,1.620639
192,1.626036
193,1.624797
194,1.618070
195,1.634391
196,1.622297
197,1.644787
198,1.640305
199,1.634243
200,1.633571
201,1.631531
202,1.622613
203,1.628739
204,1.623066
205,1.665301
206,1.644409
207,1.635081
208,1.627014
209,1.636265
210,1.639163
211,1.625100
212,1.626102
213,1.618504
214,1.622039
215,1.618703
216,1.614095
217,1.617377
218,1.622063
219,1.620021
220,1.622568
221,1.608328
222,1.617681
223,1.608947
224,1.622314
225,1.623244
226,1.619379
227,1.626303
228,1.621525
229,1.615484
230,1.620354
231,1.628144
232,1.620735
233,1.630404
234,1.622236
235,1.622025
236,1.618801
237,1.638790
238,1.660645
239,1.631630
240,1.630403
241,1.631413
242,1.627079
243,1.644168
244,1.623770
245,1.623959
246,1.621101
247,1.641872
248,1.616550
249,1.620446
250,1.625623
251,1.651049
252,1.620007
253,1.621847
254,1.629541
255,1.624950
256,1.631723
257,1.626497
258,1.621657
259,1.636217
260,1.627240
261,1.632557
262,1.637966
263,1.632564
264,1.627817
265,1.636499
266,1.635715
267,1.631653
268,1.628541
269,1.623295
270,1.616525
271,1.618785
272,1.616072
273,1.614564
274,1.633577
275,1.614293
276,1.625265
277,1.626737
278,1.623160
279,1.626431
280,1.625365
281,1.618304
282,1.625979
283,1.616898
284,1.623343
285,1.631932
286,1.631754
287,1.631778
288,1.620364
289,1.630653
290,1.622919
291,1.626032
292,1.633859
293,1.631560
294,1.630429
295,1.624907
296,1.619914
297,1.613795
298,1.612707
299,1.615348
300,1.626651
301,1.624363
302,1.614285
303,1.619137
304,1.612390
305,1.617650
306,1.616838
307,1.615340
308,1.616694
309,1.621571
310,1.627825
311,1.631201
312,1.617086
313,1.629526
314,1.617793
315,1.628269
316,1.618604
317,1.622786
318,1.621855
319,1.619292
320,1.627296
321,1.692116
322,1.635084
323,1.634590
324,1.625533
325,1.627030
326,1.625003
327,1.619261
328,1.640325
329,1.662304
330,1.647753
331,1.618520
332,1.638306
333,1.642105
334,1.631443
335,1.642440
336,1.628090
337,1.620236
338,1.622209
339,1.618627
340,1.625078
341,1.626705
342,1.617560
343,1.619873
344,1.618329
345,1.619492
346,1.614792
347,1.616568
348,1.631711
349,1.617468
350,1.615802
351,1.622729
352,1.615956
353,1.625772
354,1.618796
355,1.619480
356,1.621347
357,1.619993
358,1.615347
359,1.616462
360,1.617206
361,1.615292
362,1.627537
363,1.624555
364,1.621847
365,1.640915
366,1.611072
367,1.626688
368,1.625225
369,1.622235
370,1.622157
371,1.615680
372,1.622219
373,1.635586
374,1.615603
375,1.624867
376,1.620116
377,1.625399
378,1.628649
379,1.622192
380,1.635447
381,1.637201
382,1.622796
383,1.626351
384,1.620622
385,1.622573
386,1.623877
387,1.622309
388,1.644730
389,1.669226
390,1.634810
391,1.641394
392,1.635407
393,1.632868
394,1.648199
395,1.625853
396,1.630252
397,1.638621
398,1.626655
399,1.624337
400,1.617737
401,1.623015
402,1.624034
403,1.618230
404,1.629383
405,1.634943
406,1.623754
407,1.623865
408,1.625095
409,1.628497
410,1.672945
411,1.626108
412,1.622248
413,1.628045
414,1.620507
415,1.625240
416,1.620140
417,1.619014
418,1.624466
419,1.619407
420,1.631143
421,1.627275
422,1.623384
423,1.619200
424,1.625926
425,1.624716
426,1.616942
427,1.618080
428,1.617230
429,1.629205
430,1.626009
431,1.628287
432,1.622531
433,1.623659
434,1.621080
435,1.623305
436,1.625116
437,1.618716
438,1.617802
439,1.621038
440,1.615485
441,1.618037
442,1.615427
443,1.613762
444,1.630522
445,1.615912
446,1.621000
447,1.631701
448,1.629031
449,1.616477
450,1.607283
451,1.617103
452,1.653526
453,1.640590
454,1.626937
455,1.639514
456,1.626250
457,1.648193
458,1.626673
459,1.629751
460,1.617843
461,1.627169
462,1.636190
463,1.633419
464,1.629107
465,1.625875
466,1.625392
467,1.623756
468,1.620233
469,1.615987
470,1.620366
471,1.617932
472,1.635224
473,1.620833
474,1.624137
475,1.624630
476,1.619893
477,1.621121
478,1.613864
479,1.621194
480,1.621893
481,1.617585
482,1.624212
483,1.616926
484,1.626304
485,1.623042
486,1.608650
487,1.623133
488,1.621554
489,1.612480
490,1.626713
491,1.622566
492,1.630843
493,1.636092
494,1.618194
495,1.625654
496,1.636854
497,1.611748
498,1.631397
499,1.633068
500,1.624012
501,1.622653
502,1.613026
503,1.634522
504,1.641032
505,1.623279
506,1.688340
507,1.623669
508,1.623759
509,1.634253
510,1.618811
511,1.622250
512,1.620869
513,1.622401
514,1.627201
515,1.627721
516,1.625018
517,1.625351
518,1.635021
519,1.758483
520,1.651197
521,1.656628
522,1.631447
523,1.631304
524,1.632318
525,1.636676
526,1.639731
527,1.640194
528,1.642369
529,1.643733
530,1.627215
531,1.635748
532,1.622505
533,1.647576
534,1.629263
535,1.631603
536,1.624373
537,1.624733
538,1.623744
539,1.636143
540,1.636929
541,1.623641
542,1.626569
543,1.623898
544,1.629521
545,1.630205
546,1.623784
547,1.623233
548,1.625320
549,1.621704
550,1.631104
551,1.622844
552,1.620411
553,1.621684
554,1.618434
555,1.613312
556,1.616658
557,1.615186
558,1.630183
559,1.607228
560,1.619953
561,1.617166
562,1.611097
563,1.622677
564,1.615977
565,1.622588
566,1.618109
567,1.636281
568,1.629374
569,1.615658
570,1.619785
571,1.634576
572,1.619901
573,1.617827
574,1.620219
575,1.640412
576,1.649755
577,1.657809
578,1.611244
579,1.647726
580,1.634189
581,1.631442
582,1.630532
583,1.614359
584,1.624348
585,1.625301
586,1.614170
587,1.619134
588,1.619403
589,1.644915
590,1.682477
591,1.676615
592,1.614594
593,1.614340
594,1.623132
595,1.639248
596,1.622416
597,1.624865
598,1.623376
599,1.622168
600,1.621209
601,1.625281
602,1.625598
603,1.622021
604,1.620015
605,1.623853
606,1.628887
607,1.716030
608,1.626976
609,1.617403
610,1.664484
611,1.629055
612,1.625391
613,1.617492
614,1.624930
615,1.618089
616,1.619946
617,1.628527
618,1.620999
619,1.627230
620,1.623302
621,1.627977
622,1.624584
623,1.629639
624,1.623565
625,1.621292
626,1.639456
627,1.638147
628,1.637471
629,1.625849
630,1.619630
631,1.615615
632,1.618530
633,1.614351
634,1.634446
635,1.621509
636,1.624625
637,1.622837
638,1.615083
639,1.622932
640,1.618420
641,1.618721
642,1.617097
643,1.627833
644,1.643938
645,1.625309
646,1.623580
647,1.629209
648,1.616249
649,1.617952
650,1.623907
651,1.616676
652,1.617888
653,1.622869
654,1.633614
655,1.624096
656,1.632084
657,1.635790
658,1.627265
659,1.623103
660,1.625720
661,1.623891
662,1.621715
663,1.628459
664,1.631747
665,1.622620
666,1.614627
667,1.623752
668,1.627296
669,1.629130
670,1.637865
671,1.642152
672,1.620829
673,1.626721
674,1.628851
675,1.626427
676,1.618306
677,1.624381
678,1.623027
679,1.628982
680,1.621850
681,1.639178
682,1.633968
683,1.626024
684,1.627447
685,1.626922
686,1.624346
687,1.626153
688,1.620215
689,1.650342
690,1.656393
691,1.627095
692,1.629278
693,1.630698
694,1.646513
695,1.633254
696,1.639518
697,1.624916
698,1.630041
699,1.657416
700,1.656710
701,1.636783
702,1.640142
703,1.640090
704,1.648857
705,1.628275
706,1.641647
707,1.634144
708,1.624054
709,1.622632
710,1.618408
711,1.623644
712,1.631485
713,1.618401
714,1.622557
715,1.617695
716,1.619424
717,1.625855
718,1.633252
719,1.631009
720,1.628737
721,1.624404
722,1.630394
723,1.621407
724,1.621198
725,1.633020
726,1.625750
727,1.639088
728,1.609433
729,1.616524
730,1.628395
731,1.633001
732,1.623111
733,1.636307
734,1.635181
735,1.623200
736,1.621406
737,1.617551
738,1.626425
739,1.627941
740,1.618786
741,1.625739
742,1.624394
743,1.625686
744,1.625155
745,1.635783
746,1.640067
747,1.630383
748,1.627470
749,1.639560
750,1.647851
751,1.639236
752,1.641723
753,1.633926
754,1.629234
755,1.627250
756,1.633133
757,1.631208
758,1.626727
759,1.628407
760,1.624784
761,1.633584
762,1.622300
763,1.623963
764,1.623854
765,1.625572
766,1.628344
767,1.619393
768,1.629465
769,1.629548
770,1.624574
771,1.625253
772,1.626739
773,1.622112
774,1.625965
775,1.626520
776,1.624557
777,1.622440
778,1.615875
779,1.627065
780,1.620594
781,1.629472
782,1.636887
783,1.623516
784,1.619206
785,1.615843
786,1.627130
787,1.616024
788,1.618915
789,1.625905
790,1.626123
791,1.632579
792,1.636760
793,1.629368
794,1.624605
795,1.627891
796,1.620565
797,1.627594
798,1.621118
799,1.616513
800,1.613159
801,1.621702
802,1.616833
803,1.623157
804,1.627214
805,1.624594
806,1.625442
807,1.623017
808,1.630735
809,1.626929
810,1.637425
811,1.624991
812,1.636401
813,1.636327
814,1.628029
815,1.629194
816,1.623821
817,1.625525
818,1.624444
819,1.621034
820,1.621283
821,1.624124
822,1.643611
823,1.656569
824,1.636375
825,1.640237
826,1.626154
827,1.644171
828,1.628303
829,1.613532
830,1.621395
831,1.622725
832,1.620404
833,1.626036
834,1.622896
835,1.624486
836,1.622832
837,1.621529
838,1.622880
839,1.624176
840,1.625313
841,1.650430
842,1.625538
843,1.630959
844,1.622133
845,1.620225
846,1.629005
847,1.622209
848,1.621832
849,1.630845
850,1.617889
851,1.632486
852,1.625549
853,1.614712
854,1.622847
855,1.626443
856,1.618212
857,1.619041
858,1.625432
859,1.620897
860,1.623773
861,1.619202
862,1.627271
863,1.625316
864,1.618168
865,1.704147
866,1.628252
867,1.650753
868,1.670235
869,1.635433
870,1.659471
871,1.617201
872,1.627122
873,1.630568
874,1.638683
875,1.638298
876,1.629438
877,1.625793
878,1.629903
879,1.617770
880,1.631470
881,1.642038
882,1.636505
883,1.628510
884,1.626800
885,1.626630
886,1.629302
887,1.626966
888,1.623945
889,1.629398
890,1.640337
891,1.619539
892,1.646962
893,1.631645
894,1.630819
895,1.617490
896,1.619523
897,1.621904
898,1.624014
899,1.621284
900,1.623691
901,1.616364
902,1.630556
903,1.631226
904,1.635731
905,1.624744
906,1.624954
907,1.622901
908,1.629133
909,1.627403
910,1.622251
911,1.624517
912,1.614650
913,1.621098
914,1.629781
915,1.620603
916,1.622311
917,1.636794
918,1.621127
919,1.620694
920,1.614877
921,1.628405
922,1.623384
923,1.627312
924,1.620159
925,1.627346
926,1.608013
927,1.625531
928,1.628001
929,1.622100
930,1.620313
931,1.625467
932,1.624468
933,1.616642
934,1.624162
935,1.620335
936,1.642178
937,1.629737
938,1.628869
939,1.624063
940,1.630523
941,1.627861
942,1.629286
943,1.625453
944,1.620871
945,1.625858
946,1.672718
947,1.634015
948,1.645732
949,1.649043
950,1.636583
951,1.627981
952,1.616364
953,1.628227
954,1.635204
955,1.617429
956,1.630703
957,1.622159
958,1.620516
959,1.629959
960,1.626941
961,1.620467
962,1.615915
963,1.617519
964,1.633586
965,1.640992
966,1.639939
967,1.620015
968,1.627766
969,1.617401
970,1.621409
971,1.640542
972,1.626311
973,1.625611
974,1.613929
975,1.624115
976,1.617517
977,1.612812
978,1.619268
979,1.612242
980,1.625612
981,1.617812
982,1.618903
983,1.619971
984,1.621722
985,1.610492
986,1.623866
987,1.619915
988,1.620950
989,1.624244
990,1.622110
991,1.635739
992,1.646529
993,1.628655
994,1.628263
995,1.632415
996,1.627245
997,1.622815
998,1.628218
999,1.627782
1000,1.617527
1001,1.617603
1002,1.621444
1003,1.614991
1004,1.614796
1005,1.630796
1006,1.619907
1007,1.619841
1008,1.614998
1009,1.614145
1010,1.609882
1011,1.613354
1012,1.621618
1013,1.626471
1014,1.624787
1015,1.625181
1016,1.625882
1017,1.627727
1018,1.622290
1019,1.612868
1020,1.622228
1021,1.616100
1022,1.634402
1023,1.638884
1024,1.631144
1025,1.624623
1026,1.617882
1027,1.619511
1028,1.632091
1029,1.623242
1030,1.617887
1031,1.621562
1032,1.629823
1033,1.634579
1034,1.628178
1035,1.625045
1036,1.623020
1037,1.627966
1038,1.618574
1039,1.661832
1040,1.633749
1041,1.623607
1042,1.618582
1043,1.625071
1044,1.629299
1045,1.624360
1046,1.635264
1047,1.623110
1048,1.626481
1049,1.620346
1050,1.630946
1051,1.623240
1052,1.625827
1053,1.640519
1054,1.626541
1055,1.622347
1056,1.627668
1057,1.623637
1058,1.619865
1059,1.628232
1060,1.633547
1061,1.622607
1062,1.628051
1063,1.622408
1064,1.625873
1065,1.632138
1066,1.624433
1067,1.619564
1068,1.618039
1069,1.661842
1070,1.639521
1071,1.633135
1072,1.661274
1073,1.632413
1074,1.627008
1075,1.639589
1076,1.620883
1077,1.623561
1078,1.631807
1079,1.645151
1080,1.616295
1081,1.621378
1082,1.616325
1083,1.622177
1084,1.629491
1085,1.627385
1086,1.619168
1087,1.631081
1088,1.625628
1089,1.626353
1090,1.631769
1091,1.638131
1092,1.622708
1093,1.636103
1094,1.623285
1095,1.628384
1096,1.618782
1097,1.630542
1098,1.631607
1099,1.622480
1100,1.630364
1101,1.637685
1102,1.629160
1103,1.631742
1104,1.641129
1105,1.636341
1106,1.629601
1107,1.622446
1108,1.616163
1109,1.625608
1110,1.623643
1111,1.637762
1112,1.628529
1113,1.640522
1114,1.623140
1115,1.637925
1116,1.625577
1117,1.641128
1118,1.628343
1119,1.633959
1120,1.638841
1121,1.628508
1122,1.618913
1123,1.625674
1124,1.619636
1125,1.628681
1126,1.620961
1127,1.623650
1128,1.626194
1129,1.621266
1130,1.621774
1131,1.625788
1132,1.633978
1133,1.668241
1134,1.676817
1135,1.670026
1136,1.618231
1137,1.633756
1138,1.632584
1139,1.643816
1140,1.629450
1141,1.629231
1142,1.643087
1143,1.639202
1144,1.629844
1145,1.621182
1146,1.626428
1147,1.613839
1148,1.629281
1149,1.622400
1150,1.623611
1151,1.626180
1152,1.633410
1153,1.630246
1154,1.623880
1155,1.625199
1156,1.632605
1157,1.627482
1158,1.632195
1159,1.630452
1160,1.622073
1161,1.620777
1162,1.625410
1163,1.630650
1164,1.628101
1165,1.625798
1166,1.624623
1167,1.634585
1168,1.630373
1169,1.624323
1170,1.632443
1171,1.622556
1172,1.612284
1173,1.632942
1174,1.620321
1175,1.623374
1176,1.623431
1177,1.626282
1178,1.624999
1179,1.637718
1180,1.625639
1181,1.625528
1182,1.629736
1183,1.656440
1184,1.633438
1185,1.628065
1186,1.631740
1187,1.631472
1188,1.634498
1189,1.643177
1190,1.627228
1191,1.626139
1192,1.653078
1193,1.640599
1194,1.654284
1195,1.635712
1196,1.639300
1197,1.641540
1198,1.643703
1199,1.635578
1200,1.632292
1201,1.638835
1202,1.635562
1203,1.681744
1204,1.684764
1205,1.624904
1206,1.625513
1207,1.639280
1208,1.633688
1209,1.629427
1210,1.634240
1211,1.632910
1212,1.640027
1213,1.636384
1214,1.627984
1215,1.634116
1216,1.624736
1217,1.615676
1218,1.622754
1219,1.636710
1220,1.625315
1221,1.622356
1222,1.635886
1223,1.623899
1224,1.618002
1225,1.621526
1226,1.626035
1227,1.624792
1228,1.618270
1229,1.627109
1230,1.632241
1231,1.622275
1232,1.624771
1233,1.630150
1234,1.634023
1235,1.647075
1236,1.628683
1237,1.627002
1238,1.633360
1239,1.628862
1240,1.626734
1241,1.628011
1242,1.632939
1243,1.627271
1244,1.629424
1245,1.629832
1246,1.615162
1247,1.615513
1248,1.625942
1249,1.626692
1250,1.627149
1251,1.617615
1252,1.628962
1253,1.642166
1254,1.628272
1255,1.625544
1256,1.621326
1257,1.625367
1258,1.612043
1259,1.614615
1260,1.613052
1261,1.628040
1262,1.618531
1263,1.629676
1264,1.622829
1265,1.621207
1266,1.618032
1267,1.632772
1268,1.667025
1269,1.647504
1270,1.623414
1271,1.640029
1272,1.625606
1273,1.625659
1274,1.624077
1275,1.636504
1276,1.620325
1277,1.626793
1278,1.624818
1279,1.614358
1280,1.614049
1281,1.622670
1282,1.645845
1283,1.623835
1284,1.621070
1285,1.619578
1286,1.624661
1287,1.616190
1288,1.621605
1289,1.620158
1290,1.619873
1291,1.620530
1292,1.614015
1293,1.634107
1294,1.608395
1295,1.610277
1296,1.621431
1297,1.622549
1298,1.631568
1299,1.625024
1300,1.624265
1301,1.632168
1302,1.640995
1303,1.628471
1304,1.645581
1305,1.642300
1306,1.636769
1307,1.636214
1308,1.627962
1309,1.624268
1310,1.627615
1311,1.625642
1312,1.637402
1313,1.646856
1314,1.623677
1315,1.657183
1316,1.650488
1317,1.632366
1318,1.644757
1319,1.632227
1320,1.646511
1321,1.639955
1322,1.619663
1323,1.624496
1324,1.619313
1325,1.647478
1326,1.644429
1327,1.639142
1328,1.625476
1329,1.625288
1330,1.619709
1331,1.627774
1332,1.637150
1333,1.630503
1334,1.632129
1335,1.637278
1336,1.627340
1337,1.639483
1338,1.638196
1339,1.622269
1340,1.629318
1341,1.642948
1342,1.633602
1343,1.623941
1344,1.616586
1345,1.621721
1346,1.613268
1347,1.617486
1348,1.628663
1349,1.626233
1350,1.627463
1351,1.628645
1352,1.622923
1353,1.625558
1354,1.617384
1355,1.637766
1356,1.636780
1357,1.636422
1358,1.620947
1359,1.626299
1360,1.623476
1361,1.675092
1362,1.672741
1363,1.664502
1364,1.672408
1365,1.668518
1366,1.668907
1367,1.653120
1368,1.619280
1369,1.631795
1370,1.631269
1371,1.621287
1372,1.630238
1373,1.629819
1374,1.638382
1375,1.645572
1376,1.643251
1377,1.624976
1378,1.637899
1379,1.635043
1380,1.632085
1381,1.624912
1382,1.628325
1383,1.625459
1384,1.617924
1385,1.625562
1386,1.630810
1387,1.633329
1388,1.626715
1389,1.617253
1390,1.628236
1391,1.621885
1392,1.641480
1393,1.633110
1394,1.641203
1395,1.636301
1396,1.618119
1397,1.623394
1398,1.627706
1399,1.631464
1400,1.627898
1401,1.626968
1402,1.630640
1403,1.638782
1404,1.626774
1405,1.628020
1406,1.627452
1407,1.628773
1408,1.629578
1409,1.636677
1410,1.632204
1411,1.634657
1412,1.623467
1413,1.625233
1414,1.622824
1415,1.620072
1416,1.629788
1417,1.615375
1418,1.628843
1419,1.618690
1420,1.623071
1421,1.623551
1422,1.617271
1423,1.642822
1424,1.621627
1425,1.628297
1426,1.629687
1427,1.631042
1428,1.628535
1429,1.622955
1430,1.619875
1431,1.619322
1432,1.628525
1433,1.621427
1434,1.625011
1435,1.630600
1436,1.629967
1437,1.632074
1438,1.659081
1439,1.659289
1440,1.641697
1441,1.625354
1442,1.638148
1443,1.651842
1444,1.644320
1445,1.640021
1446,1.638431
1447,1.637281
1448,1.643054
1449,1.635318
1450,1.621874
1451,1.617160
1452,1.615065
1453,1.622102
1454,1.633729
1455,1.634675
1456,1.616226
1457,1.619427
1458,1.628158
1459,1.626514
1460,1.627266
1461,1.628143
1462,1.622272
1463,1.628555
1464,1.624000
1465,1.617280
1466,1.623088
1467,1.618789
1468,1.634486
1469,1.630455
1470,1.627787
1471,1.623057
1472,1.624415
1473,1.634662
1474,1.622557
1475,1.628822
1476,1.628373
1477,1.621879
1478,1.622435
1479,1.662242
1480,1.628755
1481,1.630582
1482,1.628432
1483,1.627243
1484,1.628791
1485,1.623068
1486,1.633261
1487,1.616067
1488,1.626776
1489,1.627133
1490,1.624354
1491,1.621330
1492,1.628082
1493,1.623633
1494,1.634008
1495,1.631290
1496,1.621792
1497,1.638914
1498,1.620401
1499,1.624127
1500,1.632696
1501,1.625836
1502,1.623068
1503,1.624023
1504,1.626125
1505,1.626994
1506,1.614296
1507,1.621247
1508,1.614421
1509,1.616334
1510,1.632937
1511,1.625650
1512,1.630238
1513,1.622625
1514,1.627027
1515,1.615434
1516,1.621820
1517,1.629574
1518,1.622546
1519,1.619366
1520,1.615089
1521,1.621934
1522,3.846050
1523,3.421269
1524,3.412334
1525,3.416629
1526,3.419869
1527,3.416756
1528,3.415710
1529,3.507907
1530,3.412839
1531,3.416673
1532,3.426748
1533,3.420929
1534,3.258419
1535,3.416317
1536,3.425878
1537,3.413946
1538,3.415541
1539,3.422693
1540,3.423421
1541,3.417066
1542,3.402908
1543,3.413850
1544,3.419766
1545,3.412436
1546,3.419021
1547,3.214390
1548,3.418660
1549,3.418607
1550,3.417884
1551,3.426383
1552,3.419529
1553,3.416232
1554,3.422607
1555,3.409302
1556,3.418796
1557,3.418083
1558,3.413665
1559,3.418601
1560,3.257085
1561,3.422940
1562,3.417503
1563,3.418810
1564,3.419985
1565,3.413649
1566,3.414553
1567,3.417793
1568,3.413630
1569,3.418180
1570,3.423665
1571,3.411507
1572,3.425848
1573,3.273137
1574,3.419474
1575,3.418405
1576,3.412664
1577,3.414037
1578,3.424895
1579,3.415357
1580,3.421759
1581,3.413912
1582,3.419120
1583,3.418856
1584,3.423504
1585,3.411851
1586,3.298336
1587,3.414211
1588,3.417498
1589,3.418001
1590,3.418921
1591,3.495087
1592,3.425326
1593,3.421218
1594,3.417402
1595,3.419020
1596,3.418580
1597,3.422634
1598,3.418820
1599,3.312821
1600,3.421672
1601,3.416728
1602,3.409702
1603,3.420562
1604,3.419542
1605,3.415808
1606,3.419764
1607,3.419969
1608,3.421496
1609,3.413134
1610,3.414751
1611,3.418752
1612,3.300022
1613,3.428152
1614,3.419038
1615,3.419213
1616,3.421003
1617,3.417449
1618,3.417532
1619,3.415959
1620,3.417610
1621,3.414406
1622,3.411686
1623,3.418058
1624,3.409908
1625,3.316312
1626,3.414922
1627,3.413989
1628,3.425172
1629,3.421658
1630,3.413881
1631,3.413994
1632,3.418819
1633,3.424451
1634,3.417399
1635,3.413668
1636,3.413543
1637,3.413105
1638,3.335507
1639,3.416663
1640,3.415122
1641,3.420436
1642,3.419551
1643,3.416127
1644,3.423286
1645,3.420086
1646,3.418677
1647,3.420315
1648,3.416314
1649,3.416600
1650,3.411149
1651,3.342883
1652,3.418550
1653,3.421596
1654,3.422133
1655,3.420775
1656,3.417724
1657,3.425213
1658,3.427876
1659,3.410721
1660,3.419478
1661,3.412983
1662,3.417683
1663,3.417674
1664,3.346983
1665,3.422970
1666,3.421039
1667,3.414427
1668,3.415552
1669,3.415060
1670,3.423654
1671,3.419081
1672,3.420930
1673,3.414359
1674,3.418891
1675,3.417552
1676,3.412611
1677,3.370337
1678,3.419175
1679,3.422025
1680,3.415392
1681,3.420181
1682,3.424603
1683,3.421084
1684,3.424144
1685,3.421040
1686,3.421962
1687,3.420507
1688,3.418456
1689,3.413931
1690,3.336753
1691,3.423188
1692,3.413219
1693,3.412977
1694,3.426690
1695,3.416076
1696,3.422881
1697,3.418968
1698,3.424659
1699,3.419170
1700,3.419743
1701,3.412488
1702,3.419418
1703,3.346750
1704,3.421060
1705,3.420193
1706,3.411544
1707,3.418984
1708,3.420510
1709,3.415201
1710,3.419467
1711,3.406817
1712,3.422537
1713,3.413989
1714,3.423465
1715,3.412936
1716,3.341937
1717,3.419497
1718,3.423961
1719,3.417906
1720,3.418592
1721,3.418848
1722,3.419480
1723,3.425195
1724,3.418762
1725,3.411249
1726,3.412672
1727,3.414820
1728,3.412731
1729,3.352982
1730,3.419039
1731,3.408769
1732,3.415314
1733,3.427292
1734,3.417380
1735,3.418868
1736,3.427900
1737,3.414559
1738,3.420876
1739,3.417142
1740,3.419542
1741,3.419227
1742,3.364285
1743,3.417516
1744,3.422910
1745,3.419486
1746,3.417258
1747,3.418881
1748,3.422564
1749,3.414013
1750,3.422665
1751,3.419893
1752,3.413788
1753,3.422564
1754,3.414655
1755,3.379104
1756,3.417155
1757,3.416542
1758,3.419771
1759,3.425870
1760,3.425759
1761,3.412712
1762,3.417850
1763,3.416981
1764,3.420529
1765,3.412663
1766,3.418893
1767,3.412484
1768,3.377327
1769,3.418497
1770,3.420203
1771,3.425803
1772,3.416180
1773,3.416833
1774,3.419663
1775,3.420742
1776,3.414991
1777,3.412625
1778,3.414404
1779,3.422840
1780,3.422082
1781,3.383910
1782,3.423858
1783,3.420629
1784,3.417702
1785,3.423063
1786,3.421819
1787,3.416844
1788,3.415665
1789,3.420949
1790,3.421496
1791,3.414794
1792,3.421848
1793,3.414944
1794,3.392365
1795,3.421314
1796,3.421961
1797,3.417089
1798,3.434941
1799,3.416415
1800,3.418978
1801,3.416786
1802,3.423706
1803,3.414887
1804,3.410463
1805,3.423158
1806,3.413537
1807,3.352406
1808,3.415803
1809,3.418110
1810,3.432660
1811,3.402687
1812,3.418561
1813,3.415339
1814,3.417602
1815,3.420302
1816,3.409613
1817,3.412323
1818,3.416365
1819,3.417031
1820,3.390977
1821,3.431132
1822,3.421729
1823,3.417057
1824,3.421454
1825,3.421965
1826,3.418606
1827,3.419209
1828,3.416428
1829,3.421427
1830,3.416432
1831,3.415678
1832,3.419841
1833,3.367640
1834,3.419567
1835,3.413183
1836,3.417871
1837,3.420578
1838,3.418731
1839,3.414828
1840,3.420793
1841,3.416655
1842,3.416750
1843,3.416371
1844,3.413678
1845,3.419016
1846,3.497486
1847,3.636971
1848,3.420412
1849,3.416434
1850,3.425380
1851,3.418284
1852,3.419587
1853,3.415344
1854,3.421155
1855,3.418787
1856,3.415635
1857,3.412756
1858,3.414842
1859,3.391399
1860,3.420526
1861,3.420676
1862,3.422384
1863,3.424871
1864,3.422465
1865,3.417642
1866,3.424086
1867,3.421909
1868,3.413492
1869,3.416825
1870,3.413592
1871,3.414897
1872,3.391190
1873,3.420146
1874,3.421851
1875,3.419131
1876,3.417905
1877,3.416273
1878,3.419799
1879,3.422115
1880,3.422718
1881,3.416652
1882,3.411738
1883,3.418905
1884,3.417839
1885,3.381727
1886,3.422660
1887,3.417622
1888,3.418897
1889,3.412889
1890,3.424924
1891,3.418921
1892,3.417714
1893,3.414591
1894,3.414582
1895,3.408862
1896,3.418452
1897,3.421063
1898,3.370563
1899,3.412686
1900,3.420193
1901,3.412207
1902,3.414569
1903,3.422061
1904,3.417140
1905,3.418091
1906,3.420855
1907,3.418937
1908,3.415754
1909,3.416764
1910,3.414623
1911,3.508284
1912,3.654265
1913,3.416258
1914,3.420207
1915,3.418059
1916,3.418292
1917,3.415541
1918,3.408256
1919,3.419116
1920,3.424692
1921,3.414287
1922,3.419755
1923,3.416219
1924,3.395285
1925,3.429014
1926,3.418748
1927,3.418051
1928,3.419854
1929,3.413408
1930,3.422014
1931,3.415565
1932,3.412401
1933,3.414987
1934,3.416289
1935,3.412797
1936,3.419632
1937,3.416990
1938,3.563761
1939,3.418121
1940,3.418434
1941,3.418046
1942,3.415157
1943,3.413093
1944,3.426889
1945,3.423061
1946,3.411453
1947,3.417687
1948,3.419864
1949,3.412601
1950,3.516211
1951,3.650007
1952,3.418291
1953,3.413572
1954,3.420816
1955,3.421560
1956,3.415100
1957,3.422445
1958,3.428070
1959,3.411041
1960,3.411281
1961,3.417389
1962,3.419228
1963,3.499284
1964,3.638511
1965,3.410731
1966,3.421792
1967,3.419148
1968,3.420439
1969,3.412484
1970,3.419893
1971,3.429523
1972,3.417507
1973,3.410732
1974,3.418675
1975,3.412484
1976,3.385143
1977,3.418636
1978,3.421831
1979,3.422330
1980,3.417378
1981,3.428468
1982,3.414581
1983,3.419088
1984,3.421630
1985,3.417167
1986,3.411271
1987,3.417823
1988,3.416037
1989,3.409731
1990,3.551359
1991,3.415892
1992,3.419749
1993,3.414405
1994,3.421298
1995,3.417755
1996,3.418963
1997,3.420777
1998,3.415526
1999,3.416018
2000,3.419905
2001,3.421895
2002,3.516267
2003,3.659511
2004,3.419603
2005,3.411021
2006,3.415459
2007,3.419686
2008,3.417805
2009,3.419558
2010,3.425933
2011,3.419248
2012,3.407194
2013,3.415774
2014,3.416292
2015,3.385688
2016,3.425629
2017,3.419048
2018,3.426725
2019,3.424795
2020,3.418868
2021,3.416956
2022,3.407991
2023,3.408909
2024,3.415420
2025,3.412727
2026,3.421686
2027,3.414929
2028,3.458685
2029,3.597088
2030,3.424679
2031,3.418981
2032,3.426903
2033,3.417779
2034,3.421551
2035,3.416221
2036,3.421389
2037,3.410850
2038,3.422048
2039,3.418680
2040,3.420743
2041,3.515245
2042,3.668377
2043,3.422835
2044,3.416699
2045,3.419507
2046,3.410496
2047,3.417921
2048,3.421579
2049,3.416102
2050,3.427028
2051,3.414378
2052,3.420315
2053,3.419995
2054,3.389294
2055,3.540327
2056,3.424757
2057,3.410916
2058,3.423825
2059,3.415115
2060,3.417382
2061,3.417270
2062,3.417605
2063,3.415703
2064,3.417623
2065,3.419161
2066,3.427842
2067,3.450693
2068,3.589264
2069,3.423239
2070,3.418872
2071,3.416772
2072,3.419857
2073,3.422579
2074,3.420333
2075,3.420901
2076,3.419685
2077,3.417885
2078,3.414610
2079,3.410486
2080,3.387878
2081,1.617678
2082,1.612527
2083,1.624972
2084,1.614481
2085,1.619840
2086,1.630453
2087,1.623132
2088,1.622875
2089,1.617418
2090,1.609092
2091,1.618444
2092,1.651852
2093,1.624959
2094,1.618210
2095,1.630200
2096,1.625384
2097,1.620080
2098,1.613382
2099,1.629061
2100,1.623824
2101,1.609187
2102,1.636478
2103,1.628598
2104,1.617313
2105,1.639006
2106,1.615249
2107,1.616871
2108,1.619965
2109,1.629264
2110,1.629517
2111,1.628981
2112,1.618543
2113,1.624540
2114,1.620298
2115,1.624958
2116,1.619121
2117,1.627064
2118,1.617901
2119,1.615268
2120,1.623351
2121,1.619807
2122,1.611894
2123,1.619245
2124,1.619562
2125,1.616370
2126,1.619622
2127,1.620764
2128,1.624209
2129,1.628724
2130,1.626719
2131,1.624125
2132,1.645636
2133,1.627109
2134,1.619244
2135,1.631924
2136,1.626369
2137,1.621766
2138,1.614501
2139,1.623146
2140,1.621892
2141,1.625456
2142,1.625381
2143,1.624654
2144,1.630854
2145,1.632397
2146,1.617100
2147,1.626288
2148,1.616802
2149,1.619568
2150,1.610335
2151,1.617468
2152,1.627631
2153,1.629027
2154,1.638847
2155,1.620105
2156,1.621709
2157,1.617454
2158,1.618680
2159,1.612605
2160,1.620725
2161,1.624456
2162,1.627021
2163,1.620117
2164,1.618876
2165,1.630288
2166,1.627994
2167,1.672620
2168,1.678442
2169,1.610266
2170,1.609229
2171,1.621807
2172,1.620591
2173,1.621103
2174,1.620316
2175,1.623790
2176,1.625896
2177,1.629241
2178,1.625104
2179,1.636971
2180,1.629595
2181,1.670376
2182,1.652061
2183,1.652593
2184,1.634026
2185,1.639049
2186,1.641360
2187,1.621138
2188,1.629559
2189,1.624434
2190,1.630064
2191,1.633702
2192,1.620928
2193,1.625013
2194,1.634392
2195,1.625705
2196,1.630356
2197,1.620444
2198,1.624226
2199,1.624177
2200,1.619663
2201,1.626343
2202,1.632068
2203,1.627704
2204,1.626553
2205,1.624626
2206,1.615314
2207,1.615769
2208,1.622745
2209,1.618963
2210,1.630410
2211,1.627661
2212,1.627207
2213,1.612622
2214,1.622788
2215,1.637691
2216,1.630823
2217,1.626789
2218,1.637613
2219,1.625267
2220,1.627594
2221,1.625791
2222,1.628857
2223,1.633315
2224,1.617813
2225,1.635121
2226,1.635413
2227,1.626166
2228,1.629705
2229,1.640958
2230,1.623316
2231,1.619694
2232,1.671897
2233,1.629323
2234,1.627566
2235,1.626750
2236,1.623476
2237,1.624818
2238,1.622489
2239,1.622435
2240,1.622909
2241,1.640253
2242,1.632843
2243,1.614033
2244,1.625089
2245,1.625346
2246,1.619311
2247,1.623907
2248,1.628123
2249,1.622183
2250,1.613711
2251,1.620238
2252,1.622685
2253,1.627254
2254,1.625561
2255,1.636502
2256,1.618865
2257,1.620203
2258,1.620341
2259,1.615452
2260,1.622912
2261,1.644039
2262,1.631259
2263,1.630645
2264,1.631311
2265,1.625374
2266,1.626059
2267,1.617248
2268,1.621101
2269,1.622509
2270,1.627565
2271,1.619113
2272,1.613145
2273,1.620552
2274,1.619624
2275,1.622318
2276,1.623614
2277,1.617028
2278,1.631421
2279,1.622054
2280,1.626678
2281,1.623733
2282,1.624481
2283,1.617297
2284,1.625315
2285,1.622011
2286,1.613952
2287,1.622615
2288,1.625246
2289,1.623749
2290,1.638081
2291,1.618655
2292,1.620194
2293,1.613636
2294,1.616200
2295,1.611753
2296,1.613336
2297,1.640004
2298,1.621306
2299,1.622257
2300,1.623364
2301,1.626344
2302,1.626883
2303,1.643307
2304,1.623836
2305,1.688281
2306,1.665361
2307,1.646355
2308,1.630340
2309,1.661808
2310,1.658040
2311,1.649362
2312,1.623007
2313,1.621435
2314,1.620114
2315,1.625456
2316,1.623511
2317,1.631352
2318,1.618427
2319,1.621474
2320,1.621655
2321,1.615583
2322,1.618553
2323,1.625295
2324,1.624595
2325,1.630910
2326,1.614478
2327,1.628457
2328,1.615986
2329,1.611822
2330,1.623234
2331,1.623652
2332,1.627908
2333,1.629113
2334,1.639790
2335,1.635366
2336,1.648067
2337,1.623088
2338,1.623244
2339,1.621707
2340,1.624642
2341,1.621539
2342,1.620806
2343,1.624298
2344,1.645580
2345,1.628077
2346,1.624789
2347,1.624775
2348,1.629820
2349,1.645714
2350,1.630276
2351,1.625092
2352,1.642124
2353,1.630472
2354,1.628331
2355,1.624844
2356,1.626812
2357,1.621452
2358,1.625214
2359,1.647395
2360,1.690293
2361,1.670943
2362,1.639379
2363,1.625234
2364,1.644588
2365,1.627256
2366,1.645738
2367,1.627964
2368,1.626873
2369,1.624401
2370,1.625599
2371,1.616602
2372,1.613161
2373,1.628248
2374,1.628924
2375,1.623355
2376,1.627560
2377,1.632176
2378,1.627898
2379,1.628669
2380,1.619160
2381,1.619229
2382,1.627801
2383,1.617905
2384,1.618629
2385,1.622188
2386,1.622729
2387,1.620005
2388,1.645538
2389,1.635937
2390,1.628548
2391,1.618344
2392,1.616627
2393,1.625925
2394,1.619513
2395,1.614593
2396,1.621179
2397,1.625879
2398,1.620521
2399,1.620280
2400,1.634987
2401,1.628933
2402,1.636582
2403,1.636276
2404,1.619949
2405,1.628669
2406,1.632435
2407,1.622600
2408,1.620023
2409,1.622296
2410,1.617165
2411,1.624021
2412,1.619695
2413,1.637689
2414,1.635985
2415,1.627676
2416,1.624650
2417,1.631080
2418,1.622025
2419,1.630704
2420,1.616993
2421,1.628910
2422,1.619051
2423,1.624996
2424,1.623282
2425,1.629922
2426,1.633712
2427,1.629432
2428,1.632592
2429,1.635825
2430,1.685651
2431,1.693773
2432,1.640072
2433,1.640100
2434,1.648509
2435,1.636253
2436,1.636893
2437,1.630231
2438,1.638301
2439,1.628719
2440,1.632112
2441,1.629004
2442,1.622721
2443,1.623650
2444,1.622595
2445,1.618086
2446,1.624623
2447,1.632620
2448,1.618988
2449,1.632619
2450,1.622206
2451,1.626101
2452,1.625237
2453,1.623286
2454,1.622074
2455,1.619791
2456,1.618607
2457,1.615360
2458,1.614505
2459,1.620033
2460,1.616782
2461,1.620173
2462,1.628311
2463,1.625363
2464,1.622489
2465,1.622969
2466,1.632616
2467,1.617947
2468,1.621914
2469,1.625669
2470,1.624802
2471,1.631591
2472,1.630747
2473,1.621766
2474,1.630654
2475,1.645886
2476,1.637364
2477,1.619329
2478,1.625766
2479,1.630482
2480,1.615976
2481,1.622309
2482,1.621825
2483,1.620878
2484,1.620426
2485,1.618714
2486,1.623689
2487,1.619796
2488,1.617596
2489,1.628033
2490,1.624720
2491,1.622577
2492,1.623282
2493,1.623481
2494,1.619346
2495,1.628228
2496,1.620337
2497,1.618628
2498,1.622568
2499,1.613569
2500,1.622757
2501,1.621832
2502,1.625985
2503,1.612996
2504,1.613208
2505,1.617628
2506,1.619116
2507,1.617906
2508,1.618025
2509,1.614659
2510,1.622854
2511,1.622624
2512,1.619267
2513,1.625311
2514,1.618331
2515,1.627966
2516,1.625554
2517,1.625194
2518,1.622631
2519,1.625113
2520,1.613949
2521,1.619043
2522,1.626756
2523,1.617929
2524,1.611315
2525,1.613188
2526,1.632363
2527,1.625157
2528,1.621954
2529,1.614625
2530,1.617703
2531,1.616149
2532,1.621227
2533,1.621392
2534,1.617815
2535,1.625187
2536,1.625506
2537,1.646138
2538,1.631868
2539,1.619318
2540,1.622817
2541,1.625906
2542,1.624180
2543,1.619344
2544,1.619632
2545,1.618901
2546,1.627180
2547,1.629789
2548,1.626971
2549,1.620564
2550,1.625128
2551,1.615026
2552,1.616508
2553,1.677603
2554,1.622197
2555,1.653936
2556,1.634712
2557,1.641425
2558,1.638778
2559,1.623556
2560,1.626829
2561,1.620640
2562,1.627142
2563,1.630600
2564,1.624836
2565,1.622330
2566,1.627421
2567,1.620503
2568,1.629418
2569,1.625266
2570,1.617605
2571,1.625508
2572,1.618125
2573,1.617072
2574,1.627652
2575,1.630375
2576,1.624380
2577,1.625410
2578,1.621801
2579,1.612956
2580,1.623795
2581,1.616376
2582,1.629498
2583,1.624206
2584,1.616593
2585,1.613290
2586,1.618042
2587,1.630805
2588,1.636014
2589,1.623269
2590,1.613708
2591,1.625215
2592,1.619039
2593,1.622251
2594,1.627252
2595,1.639477
2596,1.618924
2597,1.634172
2598,1.650093
2599,1.626719
2600,1.628189
2601,1.632138
2602,1.615087
2603,1.623984
2604,1.621511
2605,1.620580
2606,1.623844
2607,1.624329
2608,1.616426
2609,1.620142
2610,1.611102
2611,1.612924
2612,1.630941
2613,1.616562
2614,1.619014
2615,1.618365
2616,1.617156
2617,1.616047
2618,1.610407
2619,1.616288
2620,1.618230
2621,1.621949
2622,1.626245
2623,1.639406
2624,1.645008
2625,1.631303
2626,1.620169
2627,1.629959
2628,1.632409
2629,1.621191
2630,1.624033
2631,1.625147
2632,1.624305
2633,1.618063
2634,1.608326
2635,1.644106
2636,1.635839
2637,1.638545
2638,1.638399
2639,1.630202
2640,1.625308
2641,1.622721
2642,1.611258
2643,1.612580
2644,1.620363
2645,1.655861
2646,1.670087
2647,1.665944
2648,1.627430
2649,1.640468
2650,1.630106
2651,1.619820
2652,1.614134
2653,1.616860
2654,1.612195
2655,1.670430
2656,1.642584
2657,1.627949
2658,1.631248
2659,1.623192
2660,1.640526
2661,1.645292
2662,1.625036
2663,1.630336
2664,1.627000
2665,1.657292
2666,1.618066
2667,1.610939
2668,1.631925
2669,1.628857
2670,1.631170
2671,1.621029
2672,1.613652
2673,1.618051
2674,1.632635
2675,1.624537
2676,1.663935
2677,1.647622
2678,1.625452
2679,1.633177
2680,1.635394
2681,1.622032
2682,1.617072
2683,1.619675
2684,1.621603
2685,1.621788
2686,1.621414
2687,1.616803
2688,1.610854
2689,1.617042
2690,1.626565
2691,1.620003
2692,1.619773
2693,1.623380
2694,1.626030
2695,1.631393
2696,1.625441
2697,1.623076
2698,1.628425
2699,1.628560
2700,1.620939
2701,1.625544
2702,1.608473
2703,1.627392
2704,1.625637
2705,1.617665
2706,1.633296
2707,1.654690
2708,1.623796
2709,1.623108
2710,1.619325
2711,1.624348
2712,1.620974
2713,1.621761
2714,1.629838
2715,1.619450
2716,1.623109
2717,1.635722
2718,1.627635
2719,1.621844
2720,1.620671
2721,1.628973
2722,1.649550
2723,1.640984
2724,1.627621
2725,1.633395
2726,1.629692
2727,1.626043
2728,1.625098
2729,1.618359
2730,1.622495
2731,1.621781
2732,1.615144
2733,1.626532
2734,1.625428
2735,1.620563
2736,1.639935
2737,1.624072
2738,1.620587
2739,1.630074
2740,1.612839
2741,1.613634
2742,1.633041
2743,1.627024
2744,1.621343
2745,1.625077
2746,1.628632
2747,1.630520
2748,1.633718
2749,1.627202
2750,1.615186
2751,1.617668
2752,1.621015
2753,1.619522
2754,1.624331
2755,1.624422
2756,1.622321
2757,1.618090
2758,1.620733
2759,1.627921
2760,1.625133
2761,1.621026
2762,1.626351
2763,1.620277
2764,1.619624
2765,1.621715
2766,1.619730
2767,1.625236
2768,1.615166
2769,1.614558
2770,1.619668
2771,1.613888
2772,1.621948
2773,1.627751
2774,1.611876
2775,1.615446
2776,1.626634
2777,1.619408
2778,1.617348
2779,1.614694
2780,1.621080
2781,1.620610
2782,1.620451
2783,1.647153
2784,1.636447
2785,1.632055
2786,1.634612
2787,1.620890
2788,1.632647
2789,1.629397
2790,1.624453
2791,1.615983
2792,1.618939
2793,1.622388
2794,1.617667
2795,1.623486
2796,1.617364
2797,1.626282
2798,1.626886
2799,1.647830
2800,1.646728
2801,1.645906
2802,1.640810
2803,1.623545
2804,1.662551
2805,1.617656
2806,1.614109
2807,1.627428
2808,1.627551
2809,1.633563
2810,1.628313
2811,1.622974
2812,1.624906
2813,1.619309
2814,1.622915
2815,1.620747
2816,1.626459
2817,1.618680
2818,1.627116
2819,1.618072
2820,1.616145
2821,1.638252
2822,1.632447
2823,1.623891
2824,1.614017
2825,1.616133
2826,1.615593
2827,1.635548
2828,1.625583
2829,1.629324
2830,1.615230
2831,1.623071
2832,1.618722
2833,1.629209
2834,1.631450
2835,1.632420
2836,1.629289
2837,1.626917
2838,1.630684
2839,1.621014
2840,1.641574
2841,1.637958
2842,1.622371
2843,1.623375
2844,1.613841
2845,1.632986
2846,1.621123
2847,1.645534
2848,1.626210
2849,1.619573
2850,1.616440
2851,1.626135
2852,1.617519
2853,1.629914
2854,1.625338
2855,1.616205
2856,1.627626
2857,1.627864
2858,1.633592
2859,1.640283
2860,1.617130
2861,1.631479
2862,1.625351
2863,1.638533
2864,1.627814
2865,1.622178
2866,1.630470
2867,1.626016
2868,1.620143
2869,1.622488
2870,1.623551
2871,1.622977
2872,1.638697
2873,1.631178
2874,1.621128
2875,1.642965
2876,1.614344
2877,1.629816
2878,1.630173
2879,1.625927
2880,1.629244
2881,1.626678
2882,1.630616
2883,1.632941
2884,1.632754
2885,1.624284
2886,1.621494
2887,1.622542
2888,1.637687
2889,1.622911
2890,1.628097
2891,1.624213
2892,1.620408
2893,1.624596
2894,1.628425
2895,1.620133
2896,1.624512
2897,1.623252
2898,1.628071
2899,1.629972
2900,1.617200
2901,1.621763
2902,1.624837
2903,1.618286
2904,1.623077
2905,1.631464
2906,1.622269
2907,1.643334
2908,1.622354
2909,1.636678
2910,1.621048
2911,1.625430
2912,1.623868
2913,1.629703
2914,1.614573
2915,1.616151
2916,1.627017
2917,1.625171
2918,1.634659
2919,1.621876
2920,1.626455
2921,1.632175
2922,1.631438
2923,1.645503
2924,1.664362
2925,1.636050
2926,1.636239
2927,1.636415
2928,1.642705
2929,1.625356
2930,1.619264
2931,1.613604
2932,1.623552
2933,1.629113
2934,1.629512
2935,1.613277
2936,1.617383
2937,1.625969
2938,1.623556
2939,1.658794
2940,1.640089
2941,1.627233
2942,1.634321
2943,1.630843
2944,1.638180
2945,1.635110
2946,1.630916
2947,1.627964
2948,1.628115
2949,1.629118
2950,1.637071
2951,1.625792
2952,1.625424
2953,1.641022
2954,1.624761
2955,1.632525
2956,1.633835
2957,1.637376
2958,1.640033
2959,1.624327
2960,1.629417
2961,1.655413
2962,1.642913
2963,1.645921
2964,1.648867
2965,1.626297
2966,1.634128
2967,1.621841
2968,1.632293
2969,1.629743
2970,1.639987
2971,1.630525
2972,1.635898
2973,1.620405
2974,1.672991
2975,1.679295
2976,1.662056
2977,1.607092
2978,1.646086
2979,1.629536
2980,1.631190
2981,1.629900
2982,1.617542
2983,1.634938
2984,1.621219
2985,1.623581
2986,1.627236
2987,1.626454
2988,1.628055
2989,1.618591
2990,1.625268
2991,1.617304
2992,1.619221
2993,1.615315
2994,1.625579
2995,1.627930
2996,1.624561
2997,1.623835
2998,1.620274
2999,1.617384
3000,1.623693
3001,1.631084
3002,1.621748
3003,1.615230
3004,1.624504
3005,1.629950
3006,1.618297
3007,1.633320
3008,1.618976
3009,1.619543
3010,1.620003
3011,1.625625
3012,1.626720
3013,1.611528
3014,1.619875
3015,1.617746
3016,1.620127
3017,1.628217
3018,1.637823
3019,1.629201
3020,1.643869
3021,1.627512
3022,1.620180
3023,1.625576
3024,1.625106
3025,1.622764
3026,1.624055
3027,1.623569
3028,1.627188
3029,1.628156
3030,1.658145
3031,1.643149
3032,1.633126
3033,1.620074
3034,1.625214
3035,1.618405
3036,1.624341
3037,1.621552
3038,1.621338
3039,1.623241
3040,1.623892
3041,1.620392
3042,1.627156
3043,1.618544
3044,1.646744
3045,1.676312
3046,1.663632
3047,1.655192
3048,1.628017
3049,1.623547
3050,1.630331
3051,1.628464
3052,1.643829
3053,1.621308
3054,1.625079
3055,1.625417
3056,1.624798
3057,1.628063
3058,1.624061
3059,1.613891
3060,1.613258
3061,1.619474
3062,1.623741
3063,1.616288
3064,1.623109
3065,1.613494
3066,1.631709
3067,1.621124
3068,1.611757
3069,1.619073
3070,1.619162
3071,1.622846
3072,1.618978
3073,1.619696
3074,1.618163
3075,1.623563
3076,1.625992
3077,1.634252
3078,1.629289
3079,1.622135
3080,1.631048
3081,1.626734
3082,1.633570
3083,1.626337
3084,1.618696
3085,1.617559
3086,1.645354
3087,1.624655
3088,1.614196
3089,1.611107
3090,1.633705
3091,1.622780
3092,1.639154
3093,1.632647
3094,1.639203
3095,1.638604
3096,1.628249
3097,1.624996
3098,1.614318
3099,1.623945
3100,1.630623
3101,1.621897
3102,1.621223
3103,1.623653
3104,1.617993
3105,1.622946
3106,1.630479
3107,1.630276
3108,1.626022
3109,1.632364
3110,1.631686
3111,1.615537
3112,1.618884
3113,1.626478
3114,1.627734
3115,1.631597
3116,1.639910
3117,1.634140
3118,1.619486
3119,1.626832
3120,1.614960
3121,1.623650
3122,1.626678
3123,1.631128
3124,1.616364
3125,1.632829
3126,1.624723
3127,1.614960
3128,1.613461
3129,1.621196
3130,1.654209
3131,1.631096
3132,1.615526
3133,1.616401
3134,1.624237
3135,1.648756
3136,1.624396
3137,1.623587
3138,1.620975
3139,1.623906
3140,1.622127
3141,1.626973
3142,1.634007
3143,1.626631
3144,1.622549
3145,1.617150
3146,1.624128
3147,1.619450
3148,1.621873
3149,1.620637
3150,1.612530
3151,1.615136
3152,1.617575
3153,1.622541
3154,1.636423
3155,1.625243
3156,1.635373
3157,1.623435
3158,1.625513
3159,1.613444
3160,1.628492
3161,1.622285
3162,1.625928
3163,1.624609
3164,1.624835
3165,1.614789
3166,1.621492
3167,1.623237
3168,1.627500
3169,1.618603
3170,1.655013
3171,1.633444
3172,1.640854
3173,1.634687
3174,1.647828
3175,1.622961
3176,1.619281
3177,1.619677
3178,1.626716
3179,1.616739
3180,1.620741
3181,1.628205
3182,1.629834
3183,1.615451
3184,1.628732
3185,1.627892
3186,1.626190
3187,1.633677
3188,1.622206
3189,1.627593
3190,1.619570
3191,1.618010
3192,1.614928
3193,1.621348
3194,1.617332
3195,1.630073
3196,1.611555
3197,1.623869
3198,1.622560
3199,1.619577
3200,1.616222
3201,1.620379
3202,1.629116
3203,1.635367
3204,1.628861
3205,1.637055
3206,1.618910
3207,1.622262
3208,1.617054
3209,1.635922
3210,1.622982
3211,1.623283
3212,1.623137
3213,1.618773
3214,1.623435
3215,1.614568
3216,1.624564
3217,1.613784
3218,1.638149
3219,1.632661
3220,1.623131
3221,1.614728
3222,1.620472
3223,1.612102
3224,1.612611
3225,1.609284
3226,1.622280
3227,1.626446
3228,1.627240
3229,1.615086
3230,1.623713
3231,1.625891
3232,1.614376
3233,1.615056
3234,1.625986
3235,1.622839
3236,1.613434
3237,1.623697
3238,1.618875
3239,1.621633
3240,1.638235
3241,1.633705
3242,1.621375
3243,1.632666
3244,1.615783
3245,1.625940
3246,1.637112
3247,1.624092
3248,1.625785
3249,1.621245
3250,1.622888
3251,1.626226
3252,1.630370
3253,1.628853
3254,1.628654
3255,1.630906
3256,1.626490
3257,1.622947
3258,1.626565
3259,1.628816
3260,1.616700
3261,1.623168
3262,1.617639
3263,1.627517
3264,1.629926
3265,1.631240
3266,1.624629
3267,1.642248
3268,1.619890
3269,1.623162
3270,1.627714
3271,1.621139
3272,1.618934
3273,1.626763
3274,1.636750
3275,1.634564
3276,1.619617
3277,1.638589
3278,1.626576
3279,1.623798
3280,1.632188
3281,1.629358
3282,1.622229
3283,1.627714
3284,1.619928
3285,1.617532
3286,1.628711
3287,1.631332
3288,1.632362
3289,1.630377
3290,1.631048
3291,1.636568
3292,1.625963
3293,1.627961
3294,1.650673
3295,1.641044
3296,1.631892
3297,1.626356
3298,1.639161
3299,1.631325
3300,1.629453
3301,1.622814
3302,1.646287
3303,1.626523
3304,1.628011
3305,1.632676
3306,1.632865
3307,1.634311
3308,1.635324
3309,1.634969
3310,1.630037
3311,1.629359
3312,1.621298
3313,1.619980
3314,1.624933
3315,1.627771
3316,1.633669
3317,1.627216
3318,1.622202
3319,1.627645
3320,1.640942
3321,1.713423
3322,1.641132
3323,1.637234
3324,1.673075
3325,1.639607
3326,1.665536
3327,1.628292
3328,1.617327
3329,1.635828
3330,1.633476
3331,1.633658
3332,1.636724
3333,1.628523
3334,1.630015
3335,1.625708
3336,1.634077
3337,1.634279
3338,1.631032
3339,1.618982
3340,1.624421
3341,1.632288
3342,1.625252
3343,1.628610
3344,1.630815
3345,1.627433
3346,1.622652
3347,1.624518
3348,1.624159
3349,1.626020
3350,1.620687
3351,1.625124
3352,1.618408
3353,1.624593
3354,1.628902
3355,1.626948
3356,1.624872
3357,1.634829
3358,1.628030
3359,1.628868
3360,1.631077
3361,1.627758
3362,1.632298
3363,1.638091
3364,1.619618
3365,1.624461
3366,1.637000
3367,1.627444
3368,1.624514
3369,1.627066
3370,1.626010
3371,1.630346
3372,1.634187
3373,1.635904
3374,1.626025
3375,1.622436
3376,1.622019
3377,1.618382
3378,1.634360
3379,1.619354
3380,1.635466
3381,1.629884
3382,1.621236
3383,1.629249
3384,1.629071
3385,1.633579
3386,1.621075
3387,1.630523
3388,1.631565
3389,1.626204
3390,1.618515
3391,1.634782
3392,1.624720
3393,1.616589
3394,1.622507
3395,1.628398
3396,1.636034
3397,1.627464
3398,1.626643
3399,1.631239
3400,1.641755
3401,1.620394
3402,1.626749
3403,1.634695
3404,1.627208
3405,1.618358
3406,1.629412
3407,1.622082
3408,1.637120
3409,1.621577
3410,1.637501
3411,1.629287
3412,1.629768
3413,1.636550
3414,1.634983
3415,1.620512
3416,1.629925
3417,1.655305
3418,1.643392
3419,1.641756
3420,1.635374
3421,1.648481
3422,1.631874
3423,1.643073
3424,1.637093
3425,1.630753
3426,1.627353
3427,1.621268
3428,1.633071
3429,1.622945
3430,1.622096
3431,1.620198
3432,1.626413
3433,1.620207
3434,1.627839
3435,1.628116
3436,1.625591
3437,1.630555
3438,1.631224
3439,1.624649
3440,1.644129
3441,1.629804
3442,1.646775
3443,1.634094
3444,1.629333
3445,1.634326
3446,1.626794
3447,1.617231
3448,1.632217
3449,1.673583
3450,1.633060
3451,1.629167
3452,1.636849
3453,1.652441
3454,1.641735
3455,1.621420
3456,1.624017
3457,1.628882
3458,1.622695
3459,1.642438
3460,1.640814
3461,1.642808
3462,1.636467
3463,1.622004
3464,1.623539
3465,1.629239
3466,1.620612
3467,1.625117
3468,1.633592
3469,1.633761
3470,1.624579
3471,1.633494
3472,1.628358
3473,1.624281
3474,1.629429
3475,1.623348
3476,1.626492
3477,1.626514
3478,1.630806
3479,1.635109
3480,1.630396
3481,1.629585
3482,1.635357
3483,1.625078
3484,1.637073
3485,1.627595
3486,1.629346
3487,1.630007
3488,1.637682
3489,1.649215
3490,1.617389
3491,1.620213
3492,1.631992
3493,1.631126
3494,1.621225
3495,1.624662
3496,1.625264
3497,1.619593
3498,1.619404
3499,1.630261
3500,1.619520
3501,1.624611
3502,1.630228
3503,1.631032
3504,1.614578
3505,1.617483
3506,1.630325
3507,1.616041
3508,1.622664
3509,1.618061
3510,1.621946
3511,1.625791
3512,1.619981
3513,1.616552
3514,1.628697
3515,1.623459
3516,1.616386
3517,1.621736
3518,1.621154
3519,1.615113
3520,1.619697
3521,1.613516
3522,1.613737
3523,1.627406
3524,1.615673
3525,1.616041
3526,1.611779
3527,1.621879
3528,1.620821
3529,1.620138
3530,1.618689
3531,1.631435
3532,1.626196
3533,1.623204
3534,1.626218
3535,1.628430
3536,1.627800
3537,1.619622
3538,1.613008
3539,1.623252
3540,1.687254
3541,1.652918
3542,1.657555
3543,1.638553
3544,1.633143
3545,1.638187
3546,1.626526
3547,1.634268
3548,1.655327
3549,1.630410
3550,1.619301
3551,1.632186
3552,1.620001
3553,1.626667
3554,1.634287
3555,1.629386
3556,1.621066
3557,1.620633
3558,1.615853
3559,1.616103
3560,1.621069
3561,1.619937
3562,1.616716
3563,1.631898
3564,1.619835
3565,1.618835
3566,1.617756
3567,1.652397
3568,1.617877
3569,1.617578
3570,1.619439
3571,1.625109
3572,1.622348
3573,1.618732
3574,1.624659
3575,1.617843
3576,1.623711
3577,1.644618
3578,1.655886
3579,1.635569
3580,1.624205
3581,1.626309
3582,1.627132
3583,1.632877
3584,1.627273
3585,1.627584
3586,1.623502
3587,1.622748
3588,1.678934
3589,1.684356
3590,1.628302
3591,1.629705
3592,1.626720
3593,1.617869
3594,1.630862
3595,1.616980
3596,1.620051
3597,1.628949
3598,1.621913
3599,1.623888
3600,1.622267
3601,1.619944
3602,1.618409
3603,1.619371
3604,1.624306
3605,1.626275
3606,1.618882
3607,1.640366
3608,1.621847
3609,1.630499
3610,1.619252
3611,1.612488
3612,1.616919
3613,1.620732
3614,1.620885
3615,1.615466
3616,1.617453
3617,1.617713
3618,1.623810
3619,1.616289
3620,1.624338
3621,1.617420
3622,1.619531
3623,1.623652
3624,1.613879
3625,1.615559
3626,1.627254
3627,1.629182
3628,1.620688
3629,1.626486
3630,1.623603
3631,1.621871
3632,1.620286
3633,1.629886
3634,1.633562
3635,1.627172
3636,1.628556
3637,1.630054
3638,1.631274
3639,1.623314
3640,1.615335
3641,1.628310
3642,1.619744
3643,1.634455
3644,1.629713
3645,1.623914
3646,1.631721
3647,1.626608
3648,1.620798
3649,1.624971
3650,1.622089
3651,1.619203
3652,1.624117
3653,1.629006
3654,1.623858
3655,1.630466
3656,1.629123
3657,1.619308
3658,1.633153
3659,1.676582
3660,1.678660
3661,1.623315
3662,1.635066
3663,1.628658
3664,1.661445
3665,1.641143
3666,1.637858
3667,1.625266
3668,1.632672
3669,1.627329
3670,1.639599
3671,1.636537
3672,1.623821
3673,1.615333
3674,1.618769
3675,1.627317
3676,1.614305
3677,1.618893
3678,1.607922
3679,1.625259
3680,1.624031
3681,1.623568
3682,1.625682
3683,1.615944
3684,1.618214
3685,1.612718
3686,1.607435
3687,1.623588
3688,1.622016
3689,1.621867
3690,1.626473
3691,1.626494
3692,1.616828
3693,1.637204
3694,1.613026
3695,1.630909
3696,1.635249
3697,1.615683
3698,1.620722
3699,1.626796
3700,1.645988
3701,1.639710
3702,1.628652
3703,1.627756
3704,1.625463
3705,1.617048
3706,1.623993
3707,1.620517
3708,1.625902
3709,1.619612
3710,1.615221
3711,1.625992
3712,1.627577
3713,1.617708
3714,1.624618
3715,1.621091
3716,1.619032
3717,1.616793
3718,1.611345
3719,1.632477
3720,1.633185
3721,1.628305
3722,1.620074
3723,1.622310
3724,1.615815
3725,1.626648
3726,1.616819
3727,1.614816
3728,1.636678
3729,1.623939
3730,1.629030
3731,1.614036
3732,1.629294
3733,1.614082
3734,1.622858
3735,1.624403
3736,1.627123
3737,1.626006
3738,1.614379
3739,1.617605
3740,1.627438
3741,1.621222
3742,1.613004
3743,1.621041
3744,1.621223
3745,1.617337
3746,1.614515
3747,1.618551
3748,1.618513
3749,1.617273
3750,1.615824
3751,1.617548
3752,1.607051
3753,1.618065
3754,1.613453
3755,1.616396
3756,1.613920
3757,1.622684
3758,1.607912
3759,1.614691
3760,1.610576
3761,1.632640
3762,1.621748
3763,1.617159
3764,1.624391
3765,1.617307
3766,1.620921
3767,1.618971
3768,1.617497
3769,1.632293
3770,1.621408
3771,1.615462
3772,1.624340
3773,1.621168
3774,1.623086
3775,1.622230
3776,1.619011
3777,1.628778
3778,1.632400
3779,1.630478
3780,1.626833
3781,1.628663
3782,1.627778
3783,1.647083
3784,1.631370
3785,1.626983
3786,1.644997
3787,1.659420
3788,1.627787
3789,1.643985
3790,1.627560
3791,1.630056
3792,1.644679
3793,1.626067
3794,1.639449
3795,1.630501
3796,1.637237
3797,1.637870
3798,1.619577
3799,3.772060
3800,3.424130
3801,3.416363
3802,3.417713
3803,3.421326
3804,3.421773
3805,3.413906
3806,3.513960
3807,3.417660
3808,3.415970
3809,3.408542
3810,3.417438
3811,3.271769
3812,3.416760
3813,3.416562
3814,3.425674
3815,3.418176
3816,3.419748
3817,3.414429
3818,3.413513
3819,3.409903
3820,3.415517
3821,3.417094
3822,3.415237
3823,3.414995
3824,3.261034
3825,3.429216
3826,3.418867
3827,3.415267
3828,3.425268
3829,3.416584
3830,3.424213
3831,3.424865
3832,3.414366
3833,3.411678
3834,3.414773
3835,3.416144
3836,3.411103
3837,3.274904
3838,3.431023
3839,3.420995
3840,3.421856
3841,3.416708
3842,3.417780
3843,3.414763
3844,3.422755
3845,3.417015
3846,3.415513
3847,3.410713
3848,3.421428
3849,3.420156
3850,3.318119
3851,3.423125
3852,3.414845
3853,3.409562
3854,3.423918
3855,3.416867
3856,3.416255
3857,3.419334
3858,3.418525
3859,3.418022
3860,3.419592
3861,3.416963
3862,3.421269
3863,3.342317
3864,3.421579
3865,3.413171
3866,3.416381
3867,3.417976
3868,3.420543
3869,3.419756
3870,3.416351
3871,3.414722
3872,3.416381
3873,3.418629
3874,3.421377
3875,3.404352
3876,3.340283
3877,3.415527
3878,3.415445
3879,3.418858
3880,3.422574
3881,3.421242
3882,3.418613
3883,3.416632
3884,3.418948
3885,3.420055
3886,3.415258
3887,3.412700
3888,3.416863
3889,3.368110
3890,3.419449
3891,3.422657
3892,3.413772
3893,3.409009
3894,3.425323
3895,3.421356
3896,3.418606
3897,3.413328
3898,3.423034
3899,3.415909
3900,3.418789
3901,3.423851
3902,3.349091
3903,3.420679
3904,3.423850
3905,3.412613
3906,3.420234
3907,3.420868
3908,3.418590
3909,3.416928
3910,3.414193
3911,3.412233
3912,3.411366
3913,3.418674
3914,3.419518
3915,3.352933
3916,3.422429
3917,3.421900
3918,3.417567
3919,3.421297
3920,3.412514
3921,3.414942
3922,3.419854
3923,3.422711
3924,3.423608
3925,3.417887
3926,3.421208
3927,3.414389
3928,3.390379
3929,3.423030
3930,3.418807
3931,3.408392
3932,3.419872
3933,3.417796
3934,3.415613
3935,3.414478
3936,3.417739
3937,3.411829
3938,3.417599
3939,3.417844
3940,3.421216
3941,3.380985
3942,3.419315
3943,3.424484
3944,3.417171
3945,3.419179
3946,3.419716
3947,3.415912
3948,3.421621
3949,3.422727
3950,3.419278
3951,3.407039
3952,3.420171
3953,3.416835
3954,3.384052
3955,3.423690
3956,3.417512
3957,3.411488
3958,3.415272
3959,3.421023
3960,3.419495
3961,3.420287
3962,3.425124
3963,3.405433
3964,3.409465
3965,3.415937
3966,3.422055
3967,3.389410
3968,3.427658
3969,3.411396
3970,3.417854
3971,3.423167
3972,3.422478
3973,3.424304
3974,3.418687
3975,3.417908
3976,3.423566
3977,3.415070
3978,3.415809
3979,3.418877
3980,3.517958
3981,3.648506
3982,3.423485
3983,3.419303
3984,3.417453
3985,3.418217
3986,3.420475
3987,3.419946
3988,3.422086
3989,3.415390
3990,3.423930
3991,3.411229
3992,3.417808
3993,3.506915
3994,3.655460
3995,3.420046
3996,3.420662
3997,3.415788
3998,3.418570
3999,3.423024
